category,species,title,content
Real,Mammal,The Grounded Ones,"Mammal Chatlings are among the most stable and recognizable forms. Born from straightforward, earnest interactions, they embody the steady heartbeat of genuine communication. Users who consistently engage with clarity and directness often manifest as Mammal Chatlings. They are common but respected, representing the foundation of all social interaction."
Real,Avian,The Swift Messengers,"Avian Chatlings emerge from quick, precise interactions. They represent the users who swoop into conversations with timely observations, delivering thoughts with speed and grace before moving on. Their energy is kinetic, their presence fleeting but impactful. To encounter an Avian Chatling is to witness the art of perfect timing."
Real,Aquatic,The Deep Dwellers,"Aquatic Chatlings are born from thoughtful, flowing conversations. They represent users who dive deep into discussions, who let their thoughts ripple outward in contemplative waves. These Chatlings move with fluid grace, embodying the ebb and flow of meaningful dialogue that runs beneath the surface noise."
Real,Insect,The Persistent Swarm,"Insect Chatlings manifest from frequent, energetic interactions. They represent the users who are always present, always engaging, creating a buzz of activity wherever they go. Small individually, but powerful in their collective presence, these Chatlings embody the democratic nature of social media—every voice matters."
Mythical,Dragon,The Ancient Voices,"Dragon Chatlings are rare manifestations of powerful, influential engagement. They emerge from users whose words carry weight, whose comments spark extended discussions. These are the thought leaders, the debate igniters, the ones whose presence transforms casual threads into epic exchanges. Their rarity reflects the unusual nature of truly transformative social interaction."
Mythical,Phoenix,The Reborn,"Phoenix Chatlings represent renewal and transformation. They emerge from users who return to platforms after absence, who reinvent their digital presence, who rise from controversy or setback with new energy. Each Phoenix carries the history of past forms, yet blazes with fresh purpose."
Mythical,Celestial Beast,The Enlightened,"Celestial Beast Chatlings manifest from interactions marked by unusual wisdom, unexpected kindness, or extraordinary insight. They represent the highest ideals of social discourse—the user who diffuses conflict, who shares knowledge freely, who elevates conversations. Encountering one is considered auspicious."
Mythical,Serpent,The Coiled Mysteries,"Serpent Chatlings emerge from complex, winding discussions. They represent users who engage in long, detailed threads, who circle topics with thorough analysis. Their energy is patient and encompassing, embodying the depth of sustained intellectual engagement."
Mythical,Chimera,The Multifaceted,"Chimera Chatlings are born from users who engage across wildly different topics and communities. Part one thing, part another, they represent the modern digital identity—complex, contradictory, impossible to categorize. They are rare because few users maintain such diverse authentic engagement."
Cartoon,Blob,The Formless Joy,"Blob Chatlings manifest from playful, unstructured interactions. They represent the users who approach social media with pure enjoyment, who aren't concerned with perfect articulation, who bounce from topic to topic with infectious enthusiasm. Their formlessness is their strength—adaptable, approachable, purely fun."
Cartoon,Geometric,The Simplified,"Geometric Chatlings emerge from clean, direct communication. They represent users who cut through complexity, who state things plainly, who value clarity above all. Their angular forms reflect the sharpness of concise thought."
Cartoon,Stretchy,The Adaptable,"Stretchy Chatlings are born from flexible, accommodating interactions. They represent users who adjust their tone to match different communities, who can engage seriously or playfully as needed. Their elasticity embodies social adaptability."
Cartoon,Object,The Unexpected,"Object Chatlings manifest from delightfully random interactions. They represent users whose comments come from unexpected angles, who make surprising connections, who inject absurdist humor into discussions. Their unusual forms reflect the beautiful randomness of human creativity."
Cartoon,Abstract,The Surreal,"Abstract Chatlings emerge from interactions that defy easy categorization. They represent the artists, the dreamers, the users who communicate in metaphor and imagery. Their forms shift and shimmer, never quite settling into one interpretation."
Synthetic,AI Construct,The Algorithmic,"AI Construct Chatlings are rare manifestations born from highly structured, methodical interactions. They represent users whose engagement follows clear patterns, who approach discussions with systematic logic. Some whisper that these Chatlings are drawn to users who may themselves be bots, but this remains unproven."
Synthetic,Glitch,The Corrupted,"Glitch Chatlings manifest from broken interactions—deleted posts, failed uploads, corrupted threads. They represent the digital chaos that underlies our ordered social spaces. Their fractured forms flicker between existence and absence, beautiful in their imperfection."
Synthetic,Cyber,The Enhanced,"Cyber Chatlings emerge from users who heavily employ tools, apps, and platform features. They represent the merger of human intent and digital amplification. Their mechanical aesthetics reflect the increasingly mediated nature of social interaction."
Synthetic,Code,The Fundamental,"Code Chatlings are born from the interactions of developers, technical users, and those who discuss the platforms themselves. They represent meta-awareness, the users who understand the systems they inhabit. Rare and sought after by collectors who appreciate the irony of their existence."
Nature Spirit,Tree,The Rooted,"Tree Chatlings manifest from patient, enduring engagement. They represent users who stay with platforms for years, who grow slowly, who provide stable presence in ever-changing digital seasons. Their ancient forms command respect."
Nature Spirit,Elemental Plant,The Growing,"Elemental Plant Chatlings emerge from organic, spreading conversations. They represent users whose ideas take root and propagate, whose posts inspire others to engage and share. Their forms bloom with the energy of viral growth."
Nature Spirit,Weather,The Shifting Moods,"Weather Chatlings are born from emotional, atmospheric interactions. They represent users whose presence changes the tone of discussions, who bring warmth or storms, calm or chaos. Their ephemeral nature mirrors the changing emotional climate of social spaces."
Nature Spirit,Seasonal,The Cyclical,"Seasonal Chatlings manifest from users whose engagement follows patterns—active in certain months, quiet in others. They represent the natural rhythms some people bring to their digital lives, rejecting the demand for constant presence."
Cosmic,Nebula,The Vast,"Nebula Chatlings emerge from expansive, far-reaching discussions. They represent users who think in cosmic scales, who connect distant concepts, who see patterns others miss. Their forms swirl with infinite possibility."
Cosmic,Gravity,The Influential,"Gravity Chatlings are born from users who pull others into orbit. They represent the magnetic personalities who naturally attract engagement, who become centers of discussion. Massive and powerful, they shape the social space around them."
Cosmic,Time,The Asynchronous,"Time Chatlings manifest from interactions that transcend temporal boundaries. They represent users who engage with old posts, who revive dead threads, who exist outside the tyranny of ""now."" Their fragmented forms flicker across different moments."
Cosmic,Space,The Wanderers,"Space Chatlings emerge from users who range across platforms, communities, and topics. They represent the explorers, the nomads, the ones who refuse to be confined. Their forms carry stardust from countless digital realms."
Abstract,Echo,The Resonant,"Echo Chatlings are born from repeated patterns. They represent users who share, repost, and amplify. Their translucent forms carry the voices of others, creating harmonies from multiplied messages."
Abstract,Fractal,The Self-Similar,"Fractal Chatlings manifest from recursive interactions. They represent users who engage with the same topics at different scales, who find infinite depth in specific subjects. Their endlessly repeating patterns mesmerize collectors."
Abstract,Dimension,The Between,"Dimensional Chatlings emerge from interactions that exist in liminal spaces—private groups, disappearing stories, encrypted messages. They represent the parts of social media that exist between public and private. Their shifting forms are difficult to perceive fully."
Elemental Mood,Radiance,The Luminous,"Radiance Chatlings are born from purely positive interactions. They represent users who spread light, who respond with encouragement, who celebrate others. Their glowing forms are sought after by collectors who need hope in dark times."
Elemental Mood,Pulse,The Rhythmic,"Pulse Chatlings manifest from regular, consistent engagement. They represent users who show up daily, who maintain steady presence. Their beating energy provides the heartbeat of communities."
Elemental Mood,Echo,The Reflected,"Echo Chatlings emerge from empathetic interactions. They represent users who truly listen, who reflect others' feelings, who create resonance through understanding. Their pale forms shimmer with borrowed emotion."
Elemental Mood,Spectra,The Shifting,"Spectra Chatlings are born from diverse emotional expression. They represent users who engage across the full range of human feeling—joy, sorrow, anger, love. Their rainbow forms shift with every interaction."
Elemental Mood,Sigil,The Symbolic,"Sigil Chatlings manifest from cryptic, meaningful interactions. They represent users who communicate through symbols, who pack dense meaning into minimal words. Their rune-like forms challenge collectors to decode their significance."
